,profile_id,address,city,address_hash,type,cached_conversation_count,salt,can_text,carrier,state,is_ceded,connection_id,ip_address,is_in_country,locationOverriddden
0,76764993864,"Studio 0
Tina tunnel
Brianborough
CM5 8JD",Tina tunnel,123222728712057164302320058304632881746,38847144729413512908896346147617101075178,142,ZR2ODJX5VJ,1,Orange,Somerset,1,559934490,247.130.192.142,0,0
1,27301600699,"435 Collins spurs
Port Michaelbury
L74 3TA",Port Michaelbury,267796946699246783594088652496040103114,19437147814993545810590532182840063573476,506,PALV98DCPK,0,Vodaphone,Buckinghamshire,0,864220637,108.120.107.210,0,0
2,73374172337,"0 Ryan station
Coleland
KA8 9UL",Coleland,48721570396335048018285742648883398113,77124068744913433781118460816689511784758,377,DSSZUOGEX0,0,O2,Somerset,1,989952116,67.94.255.96,0,0
3,34937420010,"Studio 32
Timothy keys
East Royview
S13 8UZ",Timothy keys,124353205421481582321214265858095774459,34740605468884426001049807707740371775726,257,55COZMKILB,1,O2,Bexley,1,694174202,211.155.111.12,0,0
4,83296903466,"20 Joshua way
Francismouth
W9U 1TW",Francismouth,124695004268750279715838083635528947461,16956666303881005821924389544700579299586,929,S2T6LSIUQL,0,AT&T,Bexley,1,415180245,191.14.22.204,1,0
5,96805098196,"3 Hughes roads
Lake Craigside
BL3 9SB",Lake Craigside,31788625112755274435097552805906887974,21745509336689270009536803479346932294700,658,ICITAPKYNE,0,AT&T,Barnet,1,159258004,42.32.183.106,0,0
6,76047927429,"1 Pamela orchard
Jasonside
PH39 2SR",Jasonside,261370597575964582978147950707438091133,07522485443996153603556577634884721163580,664,GDSMLFXYKB,1,O2,Buckinghamshire,0,322271461,186.73.97.253,1,0
7,61382335835,"414 Margaret meadows
Katherineland
E5 8BE",Katherineland,195640797890190444557428058920510001257,75856253305891156803483482284179378038388,874,DVV5RUMHKB,0,O2,Bexley,1,543388775,12.175.248.208,0,0
8,16773038791,"806 Davis valley
Lake Lydiaburgh
IG6 9LT",Lake Lydiaburgh,220120002970065884707549120924590847126,62129512987736563384511503237677208671593,509,FKDZ0CGLTS,0,3,Bexley,1,935026929,186.112.153.122,1,0
9,27323648616,"7 Pearce manor
Rachaelport
W1F 5FP",Rachaelport,194706520137687342365268554452359740125,33178041218079774766436107818263772298124,905,2YVWPGSOJW,1,T-Mobile,Northamptonshire,1,804448454,48.183.127.2,0,0
